Date,settled_cases,volatility_index,growth_GDP,growth_unemp,lag_vol,growth_HPI,settled_lag,through,crisis,peak
1996-03-31,11,18.88,-0.6359888188494125,0.0,17.01,0.0032623655308139377,17.0,0.0,0,0.0
1996-04-30,7,15.83,-0.5531628519849932,0.01801850550267825,16.95,0.005604512920913685,15.0,0.0,0,0.0
1996-05-31,20,16.07,-0.4749640945172189,0.0,18.11,0.005791205564607438,13.0,0.0,0,0.0
1996-06-30,4,13.68,-0.4167420068831973,-0.05505977718302746,17.14,0.005396706265171858,7.0,0.0,0,0.0
1996-07-31,5,19.46,-0.38209229856229854,0.03704127168034921,20.92,0.004445145899606651,12.0,0.0,0,0.0
1996-08-31,13,17.01,-0.3683779517663055,-0.07550755250814523,19.47,0.0027174092414190554,11.0,0.0,0,0.0
1996-09-30,11,16.95,-0.3707407414249957,0.019418085857101586,21.1,0.0006692400789960473,9.0,0.0,0,0.0
1996-10-31,9,18.11,-0.38476275852569586,0.0,22.14,-0.0008605338230784909,18.0,0.0,0,0.0
1996-11-30,11,17.14,-0.40514549120510424,0.03774032798284721,20.06,-0.0008732423563051483,15.0,0.0,0,0.0
1996-12-31,6,20.92,-0.423697418511523,0.0,19.19,-0.0007901637007670104,12.0,0.0,0,0.0
1997-01-31,6,19.47,-0.4270027512394847,-0.01869213301215278,21.53,0.0004789616203835223,18.0,0.0,0,0.0
1997-02-28,12,21.1,-0.4019143758847008,-0.019048194970694432,21.48,0.0007897854826746098,17.0,0.0,0,0.0
1997-03-31,17,22.14,-0.3422083935250839,0.0,24.76,0.003760861669486637,14.0,0.0,0,0.0
1997-04-30,15,20.06,-0.25738960092550656,-0.019418085857101586,22.91,0.004862140237918311,22.0,0.0,0,0.0
1997-05-31,13,19.19,-0.16388774819419893,-0.04000533461369904,35.09,0.006430586252808901,17.0,0.0,0,0.0
1997-06-30,7,21.53,-0.07824618837440767,0.020202707317519275,27.43,0.006272411473176476,6.0,0.0,0,0.0
1997-07-31,12,21.48,-0.011070850618722261,-0.020202707317519275,24.01,0.005173824805129179,9.0,0.0,0,0.0
1997-08-31,11,24.76,0.03180476716801195,-0.02061928720273576,21.47,0.0035930480111190377,7.0,0.0,0,0.0
1997-09-30,9,22.91,0.04935982911500503,0.02061928720273576,18.55,0.0018554171892875004,4.0,0.0,0,0.0
1997-10-31,18,35.09,0.047049879862001376,-0.04167269640056803,24.22,0.0011231727913996181,25.0,0.0,0,0.0
1997-11-30,15,27.43,0.03266864992799867,-0.021506205220963803,21.18,0.0025773656961556313,16.0,0.0,0,0.0
1997-12-31,12,24.01,0.013590050918011798,0.021506205220963803,21.32,0.0025016585084687293,6.0,0.0,0,0.0
1998-01-31,18,21.47,-0.005146353764800438,-0.021506205220963803,19.71,0.0036203398984584467,19.0,0.0,0,0.0
1998-02-28,17,18.55,-0.01947996908359073,0.0,24.8,0.002417743510574333,24.0,0.0,0,0.0
1998-03-31,14,24.22,-0.025029089114397607,0.021506205220963803,44.28,0.005751536470420149,20.0,0.0,0,0.0
1998-04-30,22,21.18,-0.016129360899299172,-0.08894748601649627,40.95,0.007707953511155274,25.0,0.0,0,0.0
1998-05-31,17,21.32,0.013215497358004313,0.022989518224698857,28.05,0.009171798269960618,30.0,0.0,0,0.0
1998-06-30,6,19.71,0.06734918915898902,0.022472855852058604,26.01,0.00913278870579326,26.0,0.0,0,0.0
1998-07-31,9,24.8,0.1455102474159986,0.0,24.42,0.007334699121933852,35.0,0.0,0,0.0
1998-08-31,7,44.28,0.243275738728002,0.0,26.25,0.006013075669855539,25.0,0.0,0,0.0
1998-09-30,4,40.95,0.35224776672198743,0.021978906718775004,27.88,0.003778039478880224,25.0,0.0,0,0.0
1998-10-31,25,28.05,0.45831063295500485,-0.021978906718775004,23.26,0.002699203850403009,48.0,0.0,0,0.0
1998-11-30,16,26.01,0.546661982635996,-0.022472855852058604,25.07,0.0021497912776755612,50.0,0.0,0,0.0
1998-12-31,6,24.42,0.6070529474960011,0.0,25.39,0.002664530842947599,32.0,0.0,0,0.0
1999-01-31,19,26.25,0.6402887409129931,-0.022989518224698857,21.09,0.0029055501287666985,33.0,0.0,1,0.0
1999-02-28,24,27.88,0.6537773635950117,0.022989518224698857,24.64,0.0028648685708230204,64.0,0.0,1,0.0
1999-03-31,20,23.26,0.6590566666859985,-0.04652001563489283,24.45,0.006752654360923316,38.0,0.0,1,0.0
1999-04-30,25,25.07,0.6708068215920093,0.023530497410193973,25.41,0.008784954131714429,32.0,0.0,1,0.0
1999-05-31,30,25.39,0.7031653491650047,-0.023530497410193973,22.2,0.009747128027845164,13.0,0.0,1,0.0
1999-06-30,26,21.09,0.7657015737660089,0.023530497410193973,24.18,0.010473156805194783,21.0,0.0,1,0.0
1999-07-31,35,24.64,0.8580132922830046,0.0,24.64,0.00856573899731039,33.0,0.0,1,0.0
1999-08-31,25,24.45,0.9732137531660072,-0.023530497410193973,24.95,0.007237419980747006,21.0,0.0,1,0.0
1999-09-30,25,25.41,1.099316255646002,0.0,23.37,0.005124637438411739,10.0,0.0,1,0.0
1999-10-31,48,22.2,1.2190344648570033,-0.024097551579060683,24.11,0.004390530417500038,17.0,0.0,1,0.0
1999-11-30,50,24.18,1.3171021988519982,0.0,26.2,0.00320213614489262,12.0,0.0,1,0.0
1999-12-31,32,24.64,1.388133085687997,-0.024692612590371477,23.65,0.003965702918543812,11.0,0.0,1,0.0
2000-01-31,33,24.95,1.4460754473909958,0.0,19.54,0.004520200731755075,25.0,0.0,1,0.0
2000-02-29,64,23.37,1.5090693161269968,0.024692612590371477,20.74,0.0056937597419208785,9.0,0.0,1,0.0
2000-03-31,38,24.11,1.585358862983,-0.024692612590371477,16.84,0.008859821265589929,15.0,0.0,1,0.0
2000-04-30,32,26.2,1.6589677040959998,-0.05129329438755059,20.57,0.010529199359951669,25.0,0.0,1,0.0
2000-05-31,13,23.65,1.7044043221250007,0.05129329438755059,23.63,0.011258792034975151,12.0,0.0,1,0.0
2000-06-30,21,19.54,1.7016419711659978,0.0,29.65,0.011057147967437508,2.0,0.0,1,0.0
2000-07-31,33,20.74,1.6531576309910037,0.0,26.85,0.00822518337812106,11.0,0.0,1,0.0
2000-08-31,21,16.84,1.5704873997229924,0.024692612590371477,22.02,0.007538671209643688,9.0,0.0,1,0.0
2000-09-30,10,20.57,1.464193689013996,-0.05001042057466143,28.35,0.005747626445566922,7.0,0.0,1,0.0
2000-10-31,17,23.63,1.3365139234239933,0.0,28.64,0.005510578963781043,11.0,0.0,1,0.0
2000-11-30,12,29.65,1.1858717536519947,0.0,25.48,0.005212612779554426,10.0,0.0,1,0.0
2000-12-31,11,26.85,1.0130454024139937,0.0,22.64,0.004615839298357294,7.0,0.0,1,0.0
2001-01-31,25,22.02,0.8290543439320004,0.07410797215372211,19.06,0.0038806854112554134,12.0,0.0,0,0.0
2001-02-28,9,28.35,0.646466190967999,0.0,21.62,0.003911288307591576,9.0,0.0,0,0.0
2001-03-31,15,28.64,0.47177822702299466,0.023530497410193973,24.92,0.006835333883822514,3.0,0.0,0,1.0
2001-04-30,25,25.48,0.29796201371000564,0.022989518224698857,31.93,0.007697239308110504,11.0,0.0,0,0.0
2001-05-31,12,22.64,0.11409225942399814,-0.022989518224698857,33.56,0.008547940361078865,4.0,0.0,0,0.0
2001-06-30,2,19.06,-0.08508236876519959,0.04546237407675746,23.84,0.009491271931765688,3.0,0.0,0,0.0
2001-07-31,11,21.62,-0.28886817148070065,0.021978906718775004,23.8,0.00839576442530543,5.0,0.0,0,0.0
2001-08-31,9,24.92,-0.47910242605649955,0.06317890162153184,21.09,0.0066401364331722945,6.0,0.0,0,0.0
2001-09-30,7,31.93,-0.6380554667364322,0.020202707317519275,21.59,0.004139714570168707,6.0,0.0,0,0.0
2001-10-31,11,33.56,-0.7570628000264037,0.05826890812397578,17.4,0.0018603207711755942,9.0,0.0,0,0.0
2001-11-30,10,23.84,-0.8335980882104082,0.03704127168034921,21.91,0.0013562838180405379,3.0,1.0,0,0.0
2001-12-31,7,23.8,-0.8711972110560993,0.035718082602079315,19.98,0.001871585658163255,0.0,0.0,0,0.0
2002-01-31,12,21.09,-0.8824148519613999,0.0,25.4,0.003294782518521444,11.0,0.0,0,0.0
2002-02-28,9,21.59,-0.8826717507793944,0.0,32.03,0.004131068552268857,6.0,0.0,0,0.0
2002-03-31,3,17.4,-0.8860165100501973,0.0,32.64,0.008626873289041548,6.0,0.0,0,0.0
2002-04-30,11,21.91,-0.9016722848847962,0.03448617607116922,39.69,0.010778547464245669,13.0,0.0,0,0.0
2002-05-31,4,19.98,-0.9355237512679224,-0.017094433359300165,31.14,0.013158687681330328,8.0,0.0,0,0.0
2002-06-30,3,25.4,-0.9907248242235056,0.0,27.5,0.012701717326453199,6.0,0.0,0,0.0
2002-07-31,5,32.03,-1.0670180387070047,0.0,28.62,0.01100743580770569,10.0,0.0,0,0.0
2002-08-31,6,32.64,-1.1616519218216013,-0.01739174271186905,31.17,0.008389270422042294,10.0,0.0,0,0.0
2002-09-30,6,39.69,-1.2687997641527033,0.0,29.63,0.00610664514586734,7.0,0.0,0,0.0
2002-10-31,9,31.14,-1.377684682014788,0.0,29.15,0.005102822387789807,17.0,0.0,0,0.0
2002-11-30,3,27.5,-1.4754736967317967,0.03448617607116922,21.21,0.00400358166484871,13.0,0.0,0,0.0
2002-12-31,0,28.62,-1.5500099271500005,0.016807118316381153,19.47,0.004011211537743975,6.0,0.0,0,0.0
2003-01-31,11,31.17,-1.593305456843936,-0.03390155167568132,19.52,0.003940350467185105,12.0,0.0,0,0.0
2003-02-28,6,29.63,-1.598858422169073,0.017094433359300165,19.49,0.005273923552130633,8.0,0.0,0,0.0
2003-03-31,6,29.15,-1.5612517823686005,0.0,18.63,0.007623254350422215,7.0,0.0,0,0.0
2003-04-30,13,21.21,-1.4784990214745903,0.016807118316381153,22.72,0.009084113031490482,13.0,0.0,0,0.0
2003-05-31,8,19.47,-1.3515040865787142,0.016529301951210496,16.1,0.010292627631455886,6.0,0.0,0,0.0
2003-06-30,6,19.52,-1.186850334294931,0.03226086221822144,16.32,0.010458025912784663,3.0,0.0,0,0.0
2003-07-31,10,19.49,-1.002887945254102,-0.016000341346440905,18.31,0.010609763203602185,7.0,0.0,0,0.0
2003-08-31,10,18.63,-0.8220264500762937,-0.016260520871780537,16.63,0.009741104638235853,3.0,0.0,0,0.0
2003-09-30,7,22.72,-0.6644561709835983,0.0,14.55,0.008145431392304836,2.0,0.0,0,0.0
2003-10-31,17,16.1,-0.5416676225539021,-0.016529301951210496,16.74,0.0065442880354522615,8.0,0.0,0,0.0
2003-11-30,13,16.32,-0.4586829468679241,-0.03390155167568132,17.19,0.005709345565827029,8.0,0.0,0,0.0
2003-12-31,6,18.31,-0.4138799753339981,-0.01739174271186905,15.5,0.006199888390694852,6.0,0.0,0,0.0
2004-01-31,12,16.63,-0.3960430712407117,0.0,14.34,0.00769086385227169,7.0,0.0,0,0.0
2004-02-29,8,14.55,-0.3906790859482072,-0.017699577099401065,15.32,0.009365695758678072,8.0,0.0,0,0.0
2004-03-31,7,16.74,-0.3843871201332121,0.035091319811270116,15.29,0.014337338539140987,7.0,0.0,0,0.0
2004-04-30,13,17.19,-0.3682830862910862,-0.035091319811270116,13.34,0.014456256715563498,3.0,0.0,0,0.0
2004-05-31,6,15.5,-0.3368497560107926,0.0,16.27,0.014621106545945395,7.0,0.0,0,0.0
2004-06-30,3,14.34,-0.28746037253290524,0.0,13.24,0.014609742302828188,9.0,0.0,0,0.0
2004-07-31,7,15.32,-0.22097154466990787,-0.01801850550267825,13.29,0.012012731587619285,10.0,0.0,0,0.0
2004-08-31,3,15.29,-0.1398136996317163,-0.01834913866819643,12.82,0.009649097386309258,11.0,0.0,0,0.0
2004-09-30,2,13.34,-0.04727294819529959,0.0,12.08,0.008384178183351132,4.0,0.0,0,0.0
2004-10-31,8,16.27,0.05222035489700261,0.01834913866819643,14.02,0.007655687286458601,5.0,0.0,0,0.0
2004-11-30,8,13.24,0.15334043055999302,-0.01834913866819643,15.31,0.007641969024978934,5.0,0.0,0,0.0
2004-12-31,6,13.29,0.24967884067301327,0.0,13.29,0.007426465649511549,8.0,0.0,0,0.0
2005-01-31,7,12.82,0.3335146151930104,-0.01869213301215278,12.04,0.009159354126140329,6.0,0.0,0,0.0
2005-02-28,8,12.08,0.3983207147699943,0.01869213301215278,11.57,0.01114103482809714,9.0,0.0,0,0.0
2005-03-31,7,14.02,0.4422616922360021,-0.03774032798284721,12.6,0.016239204523524897,7.0,0.0,0,0.0
2005-04-30,3,15.31,0.4731462030960074,0.0,11.92,0.01461535478236975,7.0,0.0,0,0.0
2005-05-31,7,13.29,0.5022654735730043,-0.019418085857101586,15.32,0.015124655779398033,13.0,0.0,0,0.0
2005-06-30,9,12.04,0.539314133945993,-0.019802627296179764,12.06,0.014469202158995387,1.0,0.0,0,0.0
2005-07-31,10,11.57,0.5876058875600023,0.0,12.07,0.012025188895387728,11.0,0.0,0,0.0
2005-08-31,11,12.6,0.6475587147030097,-0.020202707317519275,12.95,0.01043384377722667,5.0,0.0,0,0.0
2005-09-30,4,11.92,0.7195259495910022,0.020202707317519275,12.34,0.009549420293352817,7.0,0.0,0,0.0
2005-10-31,5,15.32,0.8059561792869943,0.0,11.39,0.006409235043475903,10.0,0.0,0,0.0
2005-11-30,5,12.06,0.9077929292690072,0.0,11.59,0.005144727411742878,14.0,0.0,0,0.0
2005-12-31,8,12.07,1.0200092518969939,-0.020202707317519275,16.44,0.002412573227723591,9.0,0.0,0,0.0
2006-01-31,6,12.95,1.1262010223800019,-0.04167269640056803,13.08,0.003989632261839127,13.0,0.0,0,0.0
2006-02-28,9,12.34,1.2068177396719904,0.021053409197832273,14.95,0.0037093504808876077,13.0,0.0,0,0.0
2006-03-31,7,11.39,1.248054122141994,-0.021053409197832273,12.31,0.006857972953786984,10.0,0.0,0,0.0
2006-04-30,7,11.59,1.252773466331007,0.0,11.98,0.004907255267259991,15.0,0.0,0,0.0
2006-05-31,13,16.44,1.2325287651700023,-0.021506205220963803,11.1,0.003977963444496524,13.0,0.0,0,0.0
2006-06-30,1,13.08,1.2023967428000049,0.0,10.91,0.0009053282161852749,3.0,0.0,0,0.0
2006-07-31,11,14.95,1.1778619713570038,0.021506205220963803,11.56,0.0003359013565162883,11.0,0.0,0,0.0
2006-08-31,5,12.31,1.1711077479509981,0.0,10.42,-0.001100226389050718,9.0,0.0,0,0.0
2006-09-30,7,11.98,1.1871913779310006,-0.04348511193973881,15.42,-0.0011177247328930662,4.0,0.0,0,0.0
2006-10-31,10,11.1,1.2191989089180026,-0.022472855852058604,14.64,-0.0007766315762500753,9.0,0.0,0,0.0
2006-11-30,14,10.91,1.2561074133729875,0.022472855852058604,14.22,-0.002300846018040481,10.0,0.0,0,0.0
2006-12-31,9,11.56,1.2897284676199945,-0.022472855852058604,13.05,-0.002191536751265488,5.0,0.0,0,0.0
2007-01-31,13,10.42,1.3215441627899907,0.04445176257083361,16.23,-0.0027927101683404842,7.0,0.0,0,0.0
2007-02-28,13,15.42,1.357670261002994,-0.021978906718775004,23.52,-0.001358182435214239,9.0,0.0,0,0.0
2007-03-31,10,14.64,1.4041998657090033,-0.022472855852058604,23.38,-0.001530163433694831,2.0,0.0,0,0.0
2007-04-30,15,14.22,1.4624874960779977,0.022472855852058604,18.0,-0.0003458450593729623,12.0,0.0,0,0.0
2007-05-31,13,13.05,1.5307876829219964,-0.022472855852058604,18.53,-0.0013515891469015884,8.0,0.0,0,0.0
2007-06-30,3,16.23,1.6052840033340061,0.04445176257083361,22.87,-0.0018875873385404418,3.0,0.0,0,0.0
2007-07-31,11,23.52,1.6806323646389956,0.021506205220963803,22.5,-0.003012100319470079,9.0,0.0,0,0.0
2007-08-31,9,23.38,1.7497544250770005,-0.021506205220963803,26.2,-0.004196731827714295,2.0,0.0,0,0.0
2007-09-30,4,18.0,1.8037986676099962,0.021506205220963803,26.54,-0.006194313598065548,2.0,0.0,0,0.0
2007-10-31,9,18.53,1.8327770179949994,0.0,25.61,-0.008933011791515177,4.0,0.0,0,0.0
2007-11-30,10,22.87,1.8288855696170003,0.0,20.79,-0.013433905372301602,3.0,0.0,0,0.0
2007-12-31,5,22.5,1.7918253684989907,0.06187540371808731,17.83,-0.010467754303845389,1.0,0.0,0,1.0
2008-01-31,7,26.2,1.7366296887200008,0.0,23.95,-0.013123776557660172,2.0,0.0,0,0.0
2008-02-29,9,26.54,1.6799445027300095,-0.020202707317519275,22.94,-0.011085362965093104,2.0,0.0,0,0.0
2008-03-31,2,25.61,1.627822892447,0.04000533461369904,20.65,-0.0076417318870971584,11.0,0.0,0,0.0
2008-04-30,12,20.79,1.5638421922209886,-0.019802627296179764,39.39,-0.003460314284117416,4.0,0.0,0,0.0
2008-05-31,8,17.83,1.4593618956769916,0.07696104113612856,59.89,-0.0018065015022079578,9.0,0.0,0,0.0
2008-06-30,3,23.95,1.2847939451149983,0.03636764417087468,55.28,-0.0028960066768242143,2.0,0.0,0,0.0
2008-07-31,9,22.94,1.0238904662890036,0.035091319811270116,40.0,-0.004954006586371129,7.0,0.0,0,0.0
2008-08-31,2,20.65,0.6716230689319929,0.050430853626891814,44.84,-0.008703137983222753,4.0,0.0,0,0.0
2008-09-30,2,39.39,0.23819191271400086,0.0,46.35,-0.01451304616151372,3.0,0.0,0,0.0
2008-10-31,4,59.89,-0.24067962738421045,0.06351340572232589,44.14,-0.017142778625439448,7.0,0.0,0,0.0
2008-11-30,3,55.28,-0.720307793188212,0.04512043528046972,36.5,-0.019624334298494972,5.0,0.0,0,0.0
2008-12-31,1,40.0,-1.1599177997225922,0.07095173597228444,28.92,-0.022851693637334414,2.0,0.0,0,0.0
2009-01-31,2,44.84,-1.5349514875302077,0.06624938554120074,26.35,-0.021080329071248904,7.0,0.0,0,0.0
2009-02-28,2,46.35,-1.830525831385998,0.06213178110700612,25.92,-0.011745112758178244,3.0,0.0,0,0.0
2009-03-31,11,44.14,-2.0396534101274995,0.04706751085798544,26.01,-0.007493269391654067,12.0,0.0,0,0.0
2009-04-30,4,36.5,-2.1672670775974012,0.03390155167568176,25.61,0.0029237495227754096,5.0,0.0,0,0.0
2009-05-31,9,28.92,-2.2212727304328013,0.04348511193973881,30.69,0.008315450385398826,9.0,0.0,0,0.0
2009-06-30,2,26.35,-2.2096356582736973,0.010582109330536937,24.51,0.010907356254524103,5.0,1.0,0,0.0
2009-07-31,7,25.92,-2.142839287456596,0.0,21.68,0.006315299104472594,3.0,0.0,0,0.0
2009-08-31,4,26.01,-2.0312660208131916,0.010471299867295336,24.62,-0.000550750328280003,8.0,0.0,0,0.0
2009-09-30,3,25.61,-1.886641361567797,0.02061928720273576,19.5,-0.006933487212733347,1.0,0.0,0,0.0
2009-10-31,7,30.69,-1.726823817549402,0.020202707317519497,17.59,-0.006975165938422734,3.0,0.0,0,0.0
2009-11-30,5,24.51,-1.5687533588992153,-0.010050335853501569,22.05,-0.004336997007798438,10.0,0.0,0,0.0
2009-12-31,2,21.68,-1.422573526134073,0.0,32.07,-0.008635374294831522,4.0,0.0,0,0.0
2010-01-31,7,24.62,-1.2857316621746975,-0.010152371464017929,34.54,-0.01140346091760236,6.0,0.0,0,0.0
2010-02-28,3,19.5,-1.150159670989595,0.0,23.5,-0.0135252601627327,12.0,0.0,0,0.0
2010-03-31,12,17.59,-1.0090001785417968,0.010152371464017929,26.05,0.00378159333200756,10.0,0.0,0,0.0
2010-04-30,5,22.05,-0.8634490210000934,0.0,23.7,0.012491555132008614,8.0,0.0,0,0.0
2010-05-31,9,32.07,-0.7195726663433959,-0.030771658666753687,21.2,0.011181935624704487,12.0,0.0,0,0.0
2010-06-30,5,34.54,-0.5856053716294127,-0.021053409197832273,23.54,0.004512474619358109,3.0,0.0,0,0.0
2010-07-31,3,23.5,-0.4692888664372106,0.0,17.75,-0.0009618576785896948,2.0,0.0,0,0.0
2010-08-31,8,26.05,-0.3781655637574062,0.010582109330536937,19.53,-0.007742009267110106,4.0,0.0,0,0.0
2010-09-30,1,23.7,-0.31878286291080826,0.0,18.35,-0.012500807063947406,1.0,0.0,0,0.0
2010-10-31,3,21.2,-0.29426956767490253,-0.010582109330536937,17.74,-0.010273682088913105,5.0,0.0,0,0.0
2010-11-30,10,23.54,-0.3043990755145103,0.04167269640056803,14.75,-0.00916677764916507,6.0,0.0,0,0.0
2010-12-31,4,17.75,-0.3433513593075901,-0.05236798551731603,15.45,-0.008397936429877184,5.0,0.0,0,0.0
2011-01-31,6,19.53,-0.39520320916039964,-0.021739986636406083,16.52,-0.011348846593963735,2.0,0.0,0,0.0
2011-02-28,12,18.35,-0.44226585394821427,-0.011049836186584727,25.25,-0.009415183590601117,13.0,0.0,0,0.0
2011-03-31,10,17.74,-0.47262298517692614,0.0,31.62,0.0003629289860400675,7.0,0.0,0,0.0
2011-04-30,8,14.75,-0.4881405584894054,0.011049836186584727,42.96,0.00987179125280413,6.0,0.0,0,0.0
2011-05-31,12,15.45,-0.4948772466832736,-0.011049836186584727,29.96,0.01094164590583624,8.0,0.0,0,0.0
2011-06-30,3,16.52,-0.494786581385398,0.011049836186584727,27.8,0.00885957237504087,4.0,0.0,0,0.0
2011-07-31,2,25.25,-0.4782484738839088,-0.011049836186584727,23.4,0.0027859678497641482,3.0,0.0,0,0.0
2011-08-31,4,31.62,-0.43190712127479003,0.0,19.44,-0.003913816668417169,9.0,0.0,0,0.0
2011-09-30,1,42.96,-0.3478405406147971,0.0,18.43,-0.011470285254951307,1.0,0.0,0,0.0
2011-10-31,5,29.96,-0.23508060398050645,-0.022472855852058604,15.5,-0.012614364519998311,3.0,0.0,0,0.0
2011-11-30,6,27.8,-0.11051264756132184,-0.02298951822469908,17.15,-0.012680394137084328,3.0,0.0,0,0.0
2011-12-31,5,23.4,0.007956507646994737,-0.011696039763191113,24.06,-0.011021624858368995,2.0,0.0,0,0.0
2012-01-31,2,19.44,0.10722872134999761,-0.023810648693718406,17.08,-0.007425758316090381,4.0,0.0,0,0.0
2012-02-29,13,18.43,0.17787785436399872,0.0,18.93,-0.0012678810188786471,10.0,0.0,0,0.0
2012-03-31,7,15.5,0.2142080922100007,-0.012121360532344916,17.47,0.01385905442252966,7.0,0.0,0,0.0
2012-04-30,6,17.15,0.2161756202309988,0.0,15.73,0.019013337856044643,13.0,0.0,0,0.0
2012-05-31,8,24.06,0.186637719538993,0.0,18.6,0.018431723188214733,13.0,0.0,0,0.0
2012-06-30,4,17.08,0.130890121560995,0.0,15.87,0.014911208264853926,4.0,0.0,0,0.0
2012-07-31,3,18.93,0.05829795786100078,0.0,18.02,0.007730051606645638,3.0,0.0,0,0.0
2012-08-31,9,17.47,-0.020216066330704052,-0.012270092591814219,14.28,0.002920578993743206,3.0,0.0,0,0.0
2012-09-30,1,15.73,-0.09359480735020043,-0.03774032798284699,15.51,-0.0023939677938571435,8.0,0.0,0,0.0
2012-10-31,3,18.6,-0.15175604157720102,0.0,12.7,-0.002691399556132623,4.0,0.0,0,0.0
2012-11-30,3,15.87,-0.18759712356630587,-0.012903404835908017,13.52,-4.1676506958410187e-05,16.0,0.0,0,0.0
2012-12-31,2,18.02,-0.20020858854809376,0.02564243061333782,16.3,-0.0006392573714917305,3.0,0.0,0,0.0
2013-01-31,4,14.28,-0.19982584223841116,0.012578782206859707,16.86,0.0030674870678613075,6.0,0.0,0,0.0
2013-02-28,10,15.51,-0.19923669899201002,-0.038221212820197525,13.45,0.00586580833815642,10.0,0.0,0,0.0
2013-03-31,7,12.7,-0.20629847024358128,-0.026317308317373556,17.01,0.019118640782232355,9.0,0.0,0,0.0
2013-04-30,13,13.52,-0.21663299186930374,0.013245226750020489,16.6,0.020158506400147935,4.0,0.0,0,0.0
2013-05-31,13,16.3,-0.22095733872541246,-0.013245226750020489,13.75,0.01898708170824115,8.0,0.0,0,0.0
2013-06-30,4,16.86,-0.21228988880349675,0.0,13.7,0.016545176310662768,6.0,0.0,0,0.0
2013-07-31,3,13.45,-0.19369600878459892,-0.027028672387919173,13.72,0.011819567216879712,7.0,0.0,0,0.0
2013-08-31,3,17.01,-0.17395100090021742,-0.013793322132335861,18.41,0.006968800924401108,8.0,0.0,0,0.0
2013-09-30,8,16.6,-0.16406300536679908,0.0,14.0,0.0017299415758262882,1.0,0.0,0,0.0
2013-10-31,4,13.75,-0.17400716005720085,0.0,13.88,-0.0007455136401519624,12.0,0.0,0,0.0
2013-11-30,16,13.7,-0.208462858943804,-0.042559614418795855,13.41,-0.00121656804895931,5.0,0.0,0,0.0
2013-12-31,3,13.72,-0.261277965923,-0.02941388520629329,11.4,-0.0005146648202130066,2.0,0.0,0,0.0
2014-01-31,6,18.41,-0.30835318731300276,-0.015037877364540764,11.57,0.0005836850776859137,2.0,0.0,0,0.0
2014-02-28,10,14.0,-0.3207235971699163,0.015037877364540764,16.95,0.003169793172253854,6.0,0.0,0,0.0
2014-03-31,9,13.88,-0.2780307897942009,0.0,11.98,0.008228243414312608,9.0,0.0,0,0.0
2014-04-30,4,13.41,-0.18454886928707026,-0.0775582343458745,16.31,0.010999663643470825,6.0,0.0,0,0.0
2014-05-31,8,11.4,-0.05684068387670038,0.016000341346440905,14.03,0.010467209603350902,10.0,0.0,0,0.0
2014-06-30,6,11.57,0.0847005982719935,-0.03226086221822144,13.33,0.009204400630285825,9.0,0.0,0,0.0
2014-07-31,7,16.95,0.22173840047899773,0.016260520871780537,19.2,0.005501392219319889,4.0,0.0,0,0.0
2014-08-31,8,11.98,0.34052426931800994,-0.016260520871780537,20.97,0.001870885569960734,7.0,0.0,0,0.0
2014-09-30,1,16.31,0.4346661871019961,-0.03333642026759165,13.34,-0.0012369028815726324,4.0,0.0,0,0.0
2014-10-31,12,14.03,0.5090917148829988,-0.03448617607116922,15.29,-0.0019690524090902883,7.0,0.0,0,0.0
2014-11-30,5,13.33,0.5727367635309975,0.01739174271186905,14.55,-0.0014928373571549969,7.0,0.0,0,0.0
2014-12-31,2,19.2,0.6325412404389965,-0.035091319811270116,13.84,-0.0011466204472192487,3.0,0.0,0,0.0
2015-01-31,2,20.97,0.6881440913149959,0.017699577099401065,18.23,-0.0012140883808902103,6.0,0.0,0,0.0
2015-02-28,6,13.34,0.7346206802189954,-0.035718082602079315,12.12,0.0023367093080990387,5.0,0.0,0,0.0
2015-03-31,9,15.29,0.7654524928749993,-0.01834913866819643,28.43,0.008697992660941622,2.0,0.0,0,0.0
2015-04-30,6,14.55,0.7760854473030037,0.0,24.5,0.011078987452703082,4.0,0.0,0,0.0
2015-05-31,10,13.84,0.7632368946739945,0.03636764417087468,15.07,0.010963405587021136,2.0,0.0,0,0.0
2015-06-30,9,18.23,0.7255989797200044,-0.05505977718302746,16.13,0.00923741934256661,5.0,0.0,0,0.0
2015-07-31,4,12.12,0.6661707480100034,-0.019048194970694432,18.21,0.005983240685777602,7.0,0.0,0,0.0
2015-08-31,7,28.43,0.5900845268799912,-0.019418085857101586,20.2,0.0025410792651028302,7.0,0.0,0,0.0
2015-09-30,4,24.5,0.5039732669230119,-0.019802627296179764,20.55,0.000651398816231108,4.0,0.0,0,0.0
2015-10-31,7,15.07,0.41651573232699945,0.0,13.95,6.854361947272736e-05,8.0,0.0,0,0.0
2015-11-30,7,16.13,0.335658392092995,0.019802627296179764,15.7,0.000571014193798014,2.0,0.0,0,0.0
2015-12-31,3,18.21,0.2659511047340004,-0.019802627296179764,14.19,-0.00011988593723799568,1.0,0.0,0,0.0
2016-01-31,6,20.2,0.20542027007900288,-0.040821994520255034,15.63,-0.0004625518668781581,3.0,0.0,0,0.0
2016-02-29,5,20.55,0.1497659477319928,0.02061928720273576,11.87,0.0013813102952031642,1.0,0.0,0,0.0
2016-03-31,2,13.95,0.09585077183901092,0.020202707317519275,13.42,0.00748969269189903,4.0,0.0,0,0.0
2016-04-30,4,15.7,0.04479784875600501,0.019802627296179764,13.29,0.010637589434423944,2.0,0.0,0,0.0
2016-05-31,2,14.19,-8.821949079163005e-05,-0.0606246218164348,17.06,0.010298338975982091,1.0,0.0,0,0.0
2016-06-30,5,15.63,-0.03561090939508915,0.02061928720273576,13.33,0.008716035119365806,2.0,0.0,0,0.0
2016-07-31,7,11.87,-0.061420817972702935,-0.02061928720273576,14.04,0.006076547898178575,4.0,0.0,0,0.0
2016-08-31,7,13.42,-0.07878598632021294,0.02061928720273576,11.99,0.0034954679077676687,3.0,0.0,0,0.0
2016-09-30,4,13.29,-0.09009504700492244,0.020202707317519275,12.92,0.0015882775426518947,0.0,0.0,0,0.0
2016-10-31,8,17.06,-0.09899965862680915,-0.020202707317519275,12.37,0.00041840663757763963,2.0,0.0,0,0.0
2016-11-30,2,13.33,-0.10927361655821244,-0.04167269640056803,10.82,0.0011673522792703395,5.0,0.0,0,0.0
2016-12-31,1,14.04,-0.12388261582370319,0.0,10.41,0.0009437442394419904,2.0,0.0,0,0.0
2017-01-31,3,11.99,-0.14399386185800722,0.0,11.18,0.0013977075541315997,2.0,0.0,0,0.0
2017-02-28,1,12.92,-0.16890240918409916,-0.021506205220963803,10.26,0.002006463538715586,3.0,0.0,0,0.0
2017-03-31,4,12.37,-0.19559757680299583,-0.04445176257083361,10.59,0.008071590007489249,2.0,0.0,0,0.0
2017-04-30,2,10.82,-0.2180196897347031,0.022472855852058604,9.51,0.010651158603312894,0.0,0.0,0,0.0
2017-05-31,1,10.41,-0.22891587774979882,-0.022472855852058604,10.18,0.01052316477959181,1.0,0.0,0,0.0
2017-06-30,2,11.18,-0.22201709931900382,-0.022989518224698857,11.28,0.00908335030025853,4.0,0.0,0,0.0
2017-07-31,4,10.26,-0.19506094117380712,0.0,11.04,0.0065095488689488334,1.0,0.0,0,0.0
2017-08-31,3,10.59,-0.14808028338519819,0.022989518224698857,13.54,0.004335136546815832,2.0,0.0,0,0.0
2017-09-30,0,9.51,-0.08318436761459225,-0.04652001563489283,19.85,0.0024248289585671046,1.0,0.0,0,0.0
2017-10-31,2,10.18,-0.005829797359524491,-0.024097551579060683,19.97,0.0013588247489364491,1.0,0.0,0,0.0
2017-11-30,5,11.28,0.07719507358000044,0.024097551579060683,15.93,0.0018685709337553646,2.0,0.0,0,0.0
2017-12-31,2,11.04,0.15883694587999742,-0.024097551579060683,15.43,0.0020284345350969346,1.0,0.0,0,0.0
2018-01-31,2,13.54,0.23238718203300834,-0.024692612590371477,16.09,0.0013720956702618636,1.0,0.0,0,0.0
2018-02-28,3,19.85,0.2918429154509994,0.024692612590371477,12.83,0.0040187255225268,1.0,0.0,0,0.0
2018-03-31,2,19.97,0.3328007130660069,-0.024692612590371477,12.86,0.008427392483038254,0.0,0.0,0,0.0
2018-04-30,0,15.93,0.35431181575398796,0.0,12.12,0.01022233906233705,1.0,0.0,0,0.0
2018-05-31,1,15.43,0.3569159029910054,-0.05129329438755059,21.23,0.009117036196313322,1.0,0.0,0,0.0
2018-06-30,4,16.09,0.3420335841729951,0.05129329438755059,18.07,0.00783017718148038,0.0,0.0,0,0.0
2018-07-31,1,12.83,0.3126841541370027,-0.05129329438755059,25.42,0.004438650861358973,0.0,0.0,0,0.0
2018-08-31,2,12.86,0.2726451286469995,0.0,16.57,0.001861490119033249,0.0,0.0,0,0.0
2018-09-30,1,12.12,0.22663387296998394,-0.02666824708216109,14.78,0.000277464752804768,0.0,0.0,0,0.0
2018-10-31,1,21.23,0.18124072223399423,0.02666824708216109,13.71,2.9202338135192463e-05,0.0,0.0,0,0.0
2018-11-30,2,18.07,0.142396012555011,0.0,13.12,-0.001227233036076747,0.0,0.0,0,0.0
2018-12-31,1,25.42,0.1128012933469904,0.02597548640326064,18.71,-0.0019462044194016315,0.0,0.0,0,0.0
2019-01-31,1,16.57,0.08889365134000116,0.025317807984289953,15.08,-0.0024001634442676334,0.0,0.0,0,0.0
2019-02-28,1,14.78,0.0650845253889969,-0.05129329438755059,16.12,0.0011299187514000053,0.0,0.0,0,0.0
2019-03-31,0,13.71,0.03754908955700387,0.0,18.98,0.006544012555528056,0.0,0.0,0,0.0
2019-04-30,1,13.12,0.007970759001992178,-0.02666824708216109,16.24,0.00921923943990599,0.0,0.0,0,0.0
2019-05-31,1,18.71,-0.01945032076200448,0.0,13.22,0.007966069081843052,0.0,0.0,0,0.0
2019-06-30,0,15.08,-0.04084383191489849,-0.027398974188114655,12.62,0.005921317321508468,0.0,0.0,0,0.0
2019-07-31,0,16.12,-0.05567196908329208,0.0,13.78,0.0035814315671531816,1.0,0.0,0,0.0
2019-08-31,0,18.98,-0.06483785879150616,0.027398974188114655,18.84,0.0017056666746428917,0.0,0.0,0,0.0
2019-09-30,0,16.24,-0.06929603913759763,-0.055569851154810834,40.11,0.0008635354999038114,0.0,0.0,0,0.0
2019-10-31,0,13.22,-0.0690978514624021,0.02817087696669618,53.54,0.0004244161983200101,0.0,0.0,0,0.0
2019-11-30,0,12.62,-0.06373134256701007,0.0,34.15,0.0006598451488635249,0.0,0.0,0,0.0
